{"cameraMode":{"drawMode":0,"name":"Shaded","section":"Shading Mode"},"sceneLighting":false,"audioPlay":false,"sceneViewState":{"m_AlwaysRefresh":false,"showFog":false,"showSkybox":true,"showFlares":true,"showImageEffects":false,"showParticleSystems":true,"showVisualEffectGraphs":true,"m_FxEnabled":true},"in2DMode":false,"pivot":{"x":-2.004241704940796,"y":-33.70133972167969,"z":76.7362289428711},"rotation":{"x":-0.22339485585689546,"y":0.010815695859491825,"z":-0.0024801604449748995,"w":-0.9746698141098023},"size":50.224769592285159,"orthographic":false}